--
-- PostgreSQL database dump
--

-- Dumped from database version 13.0
-- Dumped by pg_dump version 13.1

SET statement_timeout = 0;
SET lock_timeout = 0;
SET idle_in_transaction_session_timeout = 0;
SET client_encoding = 'UTF8';
SET standard_conforming_strings = on;
SELECT pg_catalog.set_config('search_path', '', false);
SET check_function_bodies = false;
SET xmloption = content;
SET client_min_messages = warning;
SET row_security = off;

SET default_tablespace = '';

SET default_table_access_method = heap;

--
-- Name: country; Type: TABLE; Schema: public; Owner: carterliu
--

CREATE TABLE public.country (
    name character(20) NOT NULL,
    tests integer,
    deaths integer,
    casesperonemillion integer,
    cases integer,
    active integer,
    critical integer,
    todaydeaths integer,
    deathsperonemillion integer,
    testsperonemillion integer,
    todaycases integer
);


ALTER TABLE public.country OWNER TO postgres;

--
-- Name: daystats; Type: TABLE; Schema: public; Owner: postgres
--

CREATE TABLE public.daystats (
    date date NOT NULL,
    abbreviation character(2) NOT NULL,
    positive integer,
    negative integer,
    hospitalized integer,
    inicu integer
);


ALTER TABLE public.daystats OWNER TO postgres;

--
-- Name: state; Type: TABLE; Schema: public; Owner: postgres
--

CREATE TABLE public.state (
    abbreviation character(2) NOT NULL,
    cases integer,
    negativeincrease integer,
    positiveincrease integer,
    deaths integer,
    tests integer
);


ALTER TABLE public.state OWNER TO postgres;

--
-- Data for Name: country; Type: TABLE DATA; Schema: public; Owner: carterliu
--

COPY public.country (name, tests, deaths, casesperonemillion, cases, active, critical, todaydeaths, deathsperonemillion, testsperonemillion, todaycases) FROM stdin;
World               	63589725	11863	1473926	470	18131076	106015	8158	189	0	0
USA                 	13919870	0	274332	0	5422659	25307	41951	827	194908749	587407
India               	9463254	0	137659	0	436010	8944	6830	99	141349298	102010
Brazil              	6336278	0	173165	0	561309	8318	29721	812	21900000	102726
Russia              	2295654	0	39895	0	477055	2300	15728	273	76422849	523585
France              	2222488	0	52731	0	2007476	3751	34017	807	20618607	315588
Spain               	1664945	0	45069	0	0	2629	35604	964	22992742	491693
UK                  	1629657	0	58448	0	0	1417	23953	859	43479023	639070
Italy               	1601554	0	55576	0	788471	3744	26505	920	21945099	363182
Argentina           	1424533	0	38730	0	128576	4062	31399	854	3892522	85798
Colombia            	1316806	0	36766	0	69551	2376	25765	719	6429234	125797
Mexico              	1113543	6472	105940	285	184017	3335	8599	818	2866225	22134
Germany             	1069763	0	16862	0	313801	3926	12751	201	27859242	332069
Poland              	990811	0	17150	0	396147	2118	26192	453	6236988	164872
Peru                	963605	0	35966	0	32898	965	29058	1085	5069698	152877
Iran                	962070	0	48246	0	245673	5852	11394	571	6125348	72542
South Africa        	790004	0	21535	0	37227	546	13251	361	5383078	90292
Ukraine             	732625	0	12327	0	375149	177	16794	283	4528772	103816
Turkey              	638847	0	13746	0	220374	5190	7541	162	18592292	219467
Belgium             	577345	746	16645	98	523226	900	49725	1434	5906234	508689
Iraq                	552549	0	12258	0	57617	293	13612	302	3483319	85811
Chile               	551743	0	15410	0	9729	690	28760	803	5333453	278009
Indonesia           	538883	0	16945	0	71420	0	1962	62	5695747	20733
Netherlands         	523478	0	9376	0	0	512	30522	547	4043482	235761
Czechia             	523298	0	8295	0	63396	689	48827	774	3065132	285999
Romania             	475362	0	11331	0	110843	1251	24780	591	4107567	214119
Bangladesh          	464932	0	6644	0	77577	0	2811	40	2772701	16767
Philippines         	431630	0	8392	0	24580	1401	3917	76	5781326	52469
Pakistan            	400482	2458	8091	66	49105	2165	1799	36	5549779	24925
Canada              	378139	0	12130	0	66037	492	9983	320	11475642	302949
Saudi Arabia        	357360	0	5896	0	4662	659	10199	168	9615942	274444
Morocco             	356336	0	5846	0	45199	1038	9607	158	3953900	106597
Israel              	336846	0	2865	0	10232	260	36623	311	5605071	609406
Switzerland         	327072	0	4815	0	72057	490	37677	555	2734165	314960
Portugal            	298061	0	4505	0	80614	525	29267	442	4353234	427449
Austria             	282456	0	3184	0	57580	701	31287	353	3098318	343196
Sweden              	243129	0	6681	0	0	221	24012	660	3174798	313544
Nepal               	233452	0	1508	0	17423	0	7953	51	1737747	59202
Jordan              	219430	0	2751	0	61653	462	21418	269	2551231	249017
Hungary             	217122	0	4823	0	148439	666	22500	500	1648022	170779
Ecuador             	192685	0	13461	0	9420	372	10853	758	651702	36708
Serbia              	175438	0	1604	0	142298	253	20113	184	1777582	203791
UAE                 	168860	0	572	0	13389	0	16988	58	16727741	1682881
Panama              	165806	0	3079	0	18265	167	38179	709	907285	208916
Japan               	146760	0	2119	0	21196	472	1162	17	3502536	27729
Bulgaria            	145300	0	4035	0	90700	457	20978	583	973251	140514
Bolivia             	144708	86	8957	5	14049	71	12327	763	361298	30778
Dominican Republic  	143988	0	2331	0	26438	192	13218	214	718735	65981
Kuwait              	142635	0	880	0	4684	84	33197	205	1095574	254981
Costa Rica          	139638	0	1726	0	50386	211	27308	338	397311	77699
Qatar               	138833	0	237	0	2506	32	49445	84	1112430	396192
Belarus             	136647	0	1158	0	21148	0	14463	123	3269576	346059
Georgia             	135584	0	1267	0	20331	0	34015	318	1183319	296872
Armenia             	135124	0	2164	0	24518	0	45564	730	510127	172017
Kazakhstan          	132348	689	1990	0	13495	221	7014	105	4206738	222935
Croatia             	128442	0	1786	0	21457	255	31369	436	749346	183009
Lebanon             	127944	0	1018	0	43892	368	18781	149	1620913	237929
Oman                	123699	0	1423	0	7060	108	23974	276	571472	110756
Guatemala           	122062	0	4171	0	6947	5	6762	231	533871	29574
Azerbaijan          	121176	0	1392	0	44882	0	11907	137	1728577	169848
Egypt               	115911	0	6650	0	6543	46	1124	64	1000000	9697
Ethiopia            	110074	0	1706	0	34560	323	948	15	1636729	14094
Honduras            	108253	365	2918	9	57262	128	10858	293	267616	26843
Moldova             	107364	0	2304	0	9706	303	26641	572	460937	114376
Slovakia            	105929	0	839	0	39049	241	19398	154	1074634	196792
Greece              	105271	0	2406	0	92876	600	10121	231	2373566	228192
Venezuela           	102394	0	897	0	4171	117	3605	32	2297557	80894
Tunisia             	96769	0	3260	0	22658	295	8152	275	460624	38806
Myanmar             	90713	0	1941	0	18616	0	1663	36	1163776	21330
Bazzi               	87901	0	2681	0	32451	0	26863	819	418107	127775
Bahrain             	86956	0	341	0	1474	14	50394	198	2053974	1190350
Palestine           	85647	0	732	0	19928	67	16630	142	667160	129545
Kenya               	83618	0	1469	0	26805	72	1541	27	888971	16384
Algeria             	83199	0	2431	0	26959	46	1883	55	0	0
Libya               	82809	0	1183	0	27808	0	11984	171	431561	62455
Paraguay            	82424	0	1756	0	22215	133	11498	245	449057	62640
Denmark             	80481	0	837	0	16129	44	13874	144	7426343	1280243
Slovenia            	75814	0	1435	0	20241	202	36466	690	519120	249690
Kyrgyzstan          	73178	371	1275	4	7192	133	11141	194	501610	76365
Uzbekistan          	73094	53	610	2	2147	172	2171	18	1377915	40924
Ireland             	72544	0	2053	0	47127	30	14624	414	1964711	396057
Nigeria             	67557	0	1173	0	3102	10	324	6	756237	3632
Malaysia            	65697	0	360	0	10578	113	2019	11	2667756	81989
North Macedonia     	61878	0	1763	0	21169	138	29701	846	332286	159497
Lithuania           	61325	0	506	0	46608	132	22661	187	1256380	464264
Singapore           	58218	0	29	0	55	0	9919	5	4448110	757835
Ghana               	51667	0	323	0	797	16	1649	10	592285	18899
Afghanistan         	46498	0	1774	0	7936	93	1184	45	149100	3795
El Salvador         	38405	0	1114	0	2213	38	5909	171	542757	83503
Albania             	38182	0	810	0	18523	27	13274	282	186045	64678
Norway              	36150	0	332	0	14862	35	6647	61	2224045	408915
Montenegro          	35265	0	499	0	10635	68	56146	794	133604	212712
Luxembourg          	34678	0	321	0	8271	42	55028	509	1374203	2180641
S. Korea            	34652	451	526	0	6241	97	676	10	3083997	60131
Australia           	27912	8	908	0	1403	0	1089	35	10023906	391213
Finland             	24912	0	399	0	7713	18	4493	72	1934470	348910
Cameroon            	24445	0	437	0	1831	52	912	16	149000	5556
Sri Lanka           	23987	0	118	0	6309	0	1118	6	827928	38597
Ivory Coast         	21331	0	132	0	235	0	801	5	218207	8189
Uganda              	20459	0	205	0	11265	0	442	4	625029	13491
Sudan               	17810	0	1249	0	6259	0	402	28	0	0
Zambia              	17647	0	357	0	292	0	949	19	404471	21753
Madagascar          	17341	0	251	0	433	16	620	9	93734	3350
Latvia              	17075	0	206	0	15074	36	9095	110	624539	332667
Senegal             	16089	0	333	0	149	6	951	20	230861	13641
Mozambique          	15701	0	131	0	1841	0	497	4	231131	7311
Angola              	15139	0	348	0	6940	16	455	10	171247	5145
Namibia             	14380	0	151	0	694	5	5617	59	156723	61223
French Polynesia    	14372	0	75	0	9455	24	51040	266	26355	93595
Guinea              	13119	0	76	0	998	24	988	6	73155	5509
Maldives            	13011	0	46	0	1026	12	23897	84	248889	457122
DRC                 	12772	0	333	0	854	0	141	4	0	0
Estonia             	12308	0	118	0	5112	17	9276	89	478974	360970
Tajikistan          	12194	0	86	0	509	0	1267	9	0	0
French Guiana       	11204	0	70	0	1139	1	37118	232	82983	274918
Jamaica             	10763	0	257	0	4287	9	3628	87	114694	38662
Cabo Verde          	10761	0	105	0	327	23	19268	188	104104	186401
Botswana            	10742	0	34	0	2796	1	4530	14	422359	178124
Cyprus              	10565	0	49	0	8459	15	8724	40	619420	511486
Zimbabwe            	9950	0	276	0	1192	0	665	18	178116	11912
Malta               	9873	0	137	0	2071	18	22335	310	428014	968281
Haiti               	9294	0	233	0	1038	0	811	20	34734	3031
Gabon               	9214	0	60	0	88	7	4100	27	303373	134997
Mauritania          	8601	0	177	0	692	10	1830	38	103754	22077
Guadeloupe          	8344	0	149	0	5953	9	20852	372	74138	185274
Cuba                	8284	0	135	0	518	3	732	12	1115144	98479
Réunion             	8054	0	40	0	842	17	8969	45	48859	54410
Syria               	7887	0	417	0	3910	0	446	24	0	0
Bahamas             	7541	0	163	0	1489	0	19101	413	43593	110416
Andorra             	6745	0	76	0	796	20	87238	983	168635	2181086
Trinidad and Tobago 	6669	0	120	0	778	38	4759	86	36792	26254
Eswatini            	6419	0	122	0	291	11	5509	105	62213	53395
Hong Kong           	6315	0	109	0	862	11	840	14	4153109	552107
Malawi              	6028	0	185	0	388	4	312	10	74010	3828
Rwanda              	5934	0	49	0	369	0	454	4	626311	47870
Uruguay             	5857	0	77	0	1423	18	1684	22	433899	124728
Belize              	5854	111	148	1	2555	7	14613	369	30881	77086
Nicaragua           	5784	0	160	0	1399	0	869	24	0	0
Congo               	5774	0	94	0	692	0	1036	17	0	0
Djibouti            	5679	0	61	0	34	0	5714	61	91994	92555
Martinique          	5413	0	40	0	5275	16	14429	107	63774	169999
Guyana              	5406	0	151	0	863	3	6859	192	30096	38186
Iceland             	5392	0	26	0	187	2	15758	76	390068	1139996
Suriname            	5312	0	117	0	1	2	9021	199	21648	36765
Mayotte             	5181	0	49	0	2168	4	18805	178	25231	91579
Equatorial Guinea   	5153	0	85	0	59	0	3625	60	70345	49480
CAR                 	4913	0	63	0	2926	2	1010	13	32711	6725
Aruba               	4845	0	45	0	108	4	45299	421	50129	468692
Mali                	4710	0	156	0	1348	0	230	8	100284	4895
Somalia             	4451	0	113	0	921	0	277	7	0	0
Thailand            	4008	10	60	0	137	1	57	0	977854	13995
Gambia              	3742	0	123	0	18	2	1531	50	25226	10320
South Sudan         	3109	0	61	0	94	0	276	5	58576	5208
Benin               	3015	0	43	0	133	0	246	4	336377	27453
Togo                	2974	0	64	0	432	0	356	8	148863	17810
Burkina Faso        	2886	0	68	0	225	0	137	3	0	0
Guinea-Bissau       	2441	0	44	0	70	5	1228	22	29037	14613
Sierra Leone        	2412	0	74	0	502	0	300	9	0	0
Curaçao             	2379	0	4	0	1224	16	14473	24	21902	133246
Yemen               	2191	0	619	0	62	4	73	21	16855	560
Lesotho             	2109	0	44	0	787	0	981	20	25687	11951
New Zealand         	2059	3	25	0	72	0	412	5	1278690	255631
Chad                	1688	0	101	0	62	0	102	6	0	0
San Marino          	1612	0	46	0	267	8	47466	1354	17194	506287
Liberia             	1595	0	83	0	169	2	312	16	34105	6679
Niger               	1548	0	72	0	266	9	63	3	46310	1886
Vietnam             	1347	0	35	0	133	0	14	0	1339465	13710
Channel Islands     	1299	0	48	0	239	10	7443	275	199491	1143025
Liechtenstein       	1270	0	16	0	166	11	33269	419	14040	367790
Sint Maarten        	1066	0	25	0	94	6	24746	580	7200	167139
Gibraltar           	1020	0	5	0	76	3	30279	148	90317	2681064
STP                 	991	0	17	0	41	0	4488	77	7498	33953
Mongolia            	801	10	0	0	443	6	243	0	188044	56981
Turks and Caicos    	748	0	6	0	25	1	19212	154	8650	222171
Saint Martin        	717	0	12	0	64	7	18414	308	7149	183600
Diamond Princess    	712	0	13	0	40	4	0	0	0	0
Burundi             	688	0	1	0	112	0	57	0	62215	5170
Taiwan              	675	0	7	0	103	0	28	0	110332	4629
Papua New Guinea    	656	1	7	0	52	0	73	0	32221	3573
Comoros             	611	0	7	0	18	0	697	8	0	0
Monaco              	609	0	3	0	50	4	15473	76	51953	1320011
Eritrea             	577	0	0	0	79	0	162	0	21655	6071
Tanzania            	509	0	21	0	305	7	8	0	0	0
Mauritius           	504	0	10	0	38	0	396	8	289552	227519
Faeroe Islands      	503	0	0	0	5	0	10278	0	167731	3427208
Bhutan              	410	14	0	0	29	0	529	0	202849	261695
Isle of Man         	369	0	25	0	6	1	4330	293	18159	213081
Cambodia            	326	3	0	0	22	0	19	0	231443	13764
Barbados            	276	0	7	0	19	0	960	24	47036	163591
Cayman Islands      	274	0	2	0	20	1	4149	30	52620	796766
Bermuda             	260	0	9	0	37	1	4181	145	107890	1735096
Saint Lucia         	259	0	2	0	126	0	1408	11	16074	87370
Seychelles          	183	0	0	0	21	0	1856	0	5200	52738
Car Netherlands     	162	0	3	0	2	0	6154	114	3637	138163
Brunei              	150	0	3	0	2	0	342	7	75916	172843
St. Barth           	147	0	1	0	41	0	14863	101	4767	482002
Antigua and Barbuda 	141	0	4	0	7	2	1435	41	4679	47616
Dominica            	85	0	0	0	22	0	1180	0	5655	78475
Grenadines          	85	0	0	0	6	0	765	0	9555	86014
Virgin Islands      	71	0	1	0	0	0	2342	33	5193	171301
Macao               	46	0	0	0	0	0	70	0	4238	6490
Fiji                	42	0	2	0	7	0	47	2	16229	18049
Grenada             	41	0	0	0	11	0	364	0	6252	55455
Laos                	39	0	0	0	13	0	5	0	79000	10793
New Caledonia       	33	0	0	0	1	0	115	0	17565	61279
Timor-Leste         	30	0	0	0	0	0	23	0	13842	10417
Vatican City        	27	0	0	0	12	0	33666	0	0	0
Kitts and Nevis     	22	0	0	0	3	0	412	0	3677	68914
Greenland           	18	0	0	0	0	0	317	0	13021	229199
Solomon Islands     	17	0	0	0	12	0	25	0	4500	6486
Falkland Islands    	16	0	0	0	3	0	4544	0	4245	1205623
Miquelon            	16	0	0	0	4	0	2767	0	2814	486683
Montserrat          	13	0	1	0	0	0	2604	200	577	115562
Western Sahara      	10	0	1	0	1	0	17	2	0	0
MS Zaandam          	9	0	2	0	7	0	0	0	0	0
Anguilla            	6	0	0	0	3	0	398	0	2651	176041
Marshall Islands    	4	0	0	0	0	0	67	0	0	0
Wallis and Futuna   	3	0	0	0	2	0	269	0	1149	103003
Samoa               	2	0	0	0	2	0	10	0	0	0
Vanuatu             	1	0	0	0	1	0	3	0	0	0
China               	86542	12	4634	0	277	8	60	3	160000000	111163
\.


--
-- Data for Name: daystats; Type: TABLE DATA; Schema: public; Owner: postgres
--

COPY public.daystats (date, abbreviation, positive, negative, hospitalized, inicu) FROM stdin;
2020-11-30	AK	725	\N	980073	31323
2020-11-30	AL	25338	2237	1376324	249524
2020-11-30	AR	8937	\N	1545401	157359
2020-11-30	AS	\N	\N	1988	0
2020-11-30	AZ	25786	\N	1936949	326817
2020-11-30	CA	\N	\N	22812203	1212968
2020-11-30	CO	13488	\N	1531344	232905
2020-11-30	CT	12257	\N	3144159	117295
2020-11-30	DC	\N	\N	673704	21552
2020-11-30	DE	\N	\N	388688	35654
2020-11-30	FL	55554	\N	6256432	983370
2020-11-30	GA	34824	6497	3892315	422133
2020-11-30	GU	\N	\N	77567	6852
2020-11-30	HI	1287	\N	295153	18223
2020-11-30	IA	\N	\N	868406	202410
2020-11-30	ID	3978	749	387606	100484
2020-11-30	IL	\N	\N	9771694	726304
2020-11-30	IN	26018	4722	1865604	338977
2020-11-30	KS	5105	1353	665438	157446
2020-11-30	KY	10054	2462	2434696	179041
2020-11-30	LA	\N	\N	3171305	232414
2020-11-30	MA	14139	\N	3127214	226132
2020-11-30	MD	21051	\N	2146539	198370
2020-11-30	ME	699	\N	864042	11757
2020-11-30	MI	\N	\N	6288394	388942
2020-11-30	MN	16791	3779	2217580	318763
2020-11-30	MO	\N	\N	1513931	299762
2020-11-30	MP	4	\N	16747	106
2020-11-30	MS	7486	\N	982395	153270
2020-11-30	MT	2622	\N	593823	62198
2020-11-30	NC	\N	\N	4951772	364512
2020-11-30	ND	2708	425	270965	79252
2020-11-30	NE	4277	\N	613901	126466
2020-11-30	NH	839	279	398496	20480
2020-11-30	NJ	41213	\N	5749192	337304
2020-11-30	NM	6782	\N	1461196	97095
2020-11-30	NV	\N	\N	827680	152169
2020-11-30	NY	89995	\N	18773518	647980
2020-11-30	OH	26864	4682	5707534	421063
2020-11-30	OK	12258	\N	1873468	197745
2020-11-30	OR	4343	\N	968686	75431
2020-11-30	PA	\N	\N	2828049	361464
2020-11-30	PR	\N	\N	305972	52545
2020-11-30	RI	4582	\N	473161	56723
2020-11-30	SC	11877	\N	2181976	217487
2020-11-30	SD	4502	\N	248388	80464
2020-11-30	TN	12096	\N	4170943	374493
2020-11-30	TX	\N	\N	9593648	1168111
2020-11-30	UT	8135	1476	1139688	195706
2020-11-30	VA	25857	\N	3115073	237835
2020-11-30	VI	\N	\N	26783	1544
2020-11-30	VT	\N	\N	220112	4172
2020-11-30	WA	10759	\N	2753107	162700
2020-11-30	WI	17095	1808	2149996	411730
2020-11-30	WV	\N	\N	1090109	47842
2020-11-30	WY	784	\N	141466	33305
2020-11-29	AK	722	\N	975364	30816
2020-11-29	AL	24670	2234	1373770	247229
2020-11-29	AR	8843	\N	1538738	156247
2020-11-29	AS	\N	\N	1988	0
2020-11-29	AZ	25568	\N	1920319	325995
2020-11-29	CA	\N	\N	22608567	1198934
2020-11-29	CO	13428	\N	1519306	228772
2020-11-29	CT	12257	\N	3042036	112581
2020-11-29	DC	\N	\N	668894	21448
2020-11-29	DE	\N	\N	387133	35251
2020-11-29	FL	55393	\N	6227391	976944
2020-11-29	GA	34782	6493	3882326	420601
2020-11-29	GU	\N	\N	76433	6818
2020-11-29	HI	1287	\N	295153	18138
2020-11-29	IA	\N	\N	866718	201267
2020-11-29	ID	3948	742	386407	99660
2020-11-29	IL	\N	\N	9710904	720114
2020-11-29	IN	25632	4660	1855616	333312
2020-11-29	KS	5018	1329	659403	153021
2020-11-29	KY	9981	2451	2404179	176925
2020-11-29	LA	\N	\N	3170461	232245
2020-11-29	MA	14139	\N	3120723	224964
2020-11-29	MD	20877	\N	2136392	196447
2020-11-29	ME	692	\N	830063	11508
2020-11-29	MI	\N	\N	6196289	378152
2020-11-29	MN	16643	3750	2206087	312969
2020-11-29	MO	\N	\N	1509103	295933
2020-11-29	MP	4	\N	16747	104
2020-11-29	MS	7294	\N	947272	151785
2020-11-29	MT	2569	\N	588422	61801
2020-11-29	NC	\N	\N	4924710	361778
2020-11-29	ND	2667	417	270281	78658
2020-11-29	NE	4246	\N	612529	125323
2020-11-29	NH	839	279	398496	20480
2020-11-29	NJ	41213	\N	5613309	334114
2020-11-29	NM	6680	\N	1451754	95417
2020-11-29	NV	\N	\N	824769	150527
2020-11-29	NY	89995	\N	18631363	641161
2020-11-29	OH	26507	4644	5669053	414432
2020-11-29	OK	12221	\N	1873468	195545
2020-11-29	OR	4343	\N	968686	74120
2020-11-29	PA	\N	\N	2818877	357196
2020-11-29	PR	\N	\N	305972	51702
2020-11-29	RI	4582	\N	471086	56072
2020-11-29	SC	11857	\N	2170458	216129
2020-11-29	SD	4468	\N	247844	79900
2020-11-29	TN	12040	\N	4122933	366518
2020-11-29	TX	\N	\N	9546404	1157273
2020-11-29	UT	8076	1474	1136775	193809
2020-11-29	VA	25690	\N	3099560	235942
2020-11-29	VI	\N	\N	26783	1544
2020-11-29	VT	\N	\N	219223	4100
2020-11-29	WA	10663	\N	2753107	160634
2020-11-29	WI	16999	1801	2143790	409054
2020-11-29	WV	\N	\N	1082229	46997
2020-11-29	WY	762	\N	138904	32489
2020-11-28	AK	721	\N	968850	30204
2020-11-28	AL	24670	2231	1369792	244993
2020-11-28	AR	8819	\N	1529514	155026
2020-11-28	AS	\N	\N	1988	0
2020-11-28	AZ	25348	\N	1905019	322774
2020-11-28	CA	\N	\N	22389862	1183320
2020-11-28	CO	13369	\N	1510259	225283
2020-11-28	CT	12257	\N	3042036	112581
2020-11-28	DC	\N	\N	664030	21308
2020-11-28	DE	\N	\N	384574	34670
2020-11-28	FL	55277	\N	6197289	969813
2020-11-28	GA	34724	6485	3870088	418936
2020-11-28	GU	\N	\N	76433	6782
2020-11-28	HI	1287	\N	295153	18082
2020-11-28	IA	\N	\N	863998	199683
2020-11-28	ID	3878	727	385159	98500
2020-11-28	IL	\N	\N	9655342	712936
2020-11-28	IN	25329	4604	1845743	329008
2020-11-28	KS	5018	1329	659403	153021
2020-11-28	KY	9981	2451	2404179	174182
2020-11-28	LA	\N	\N	3148141	230602
2020-11-28	MA	14139	\N	3104965	222469
2020-11-28	MD	20713	\N	2123122	194448
2020-11-28	ME	689	\N	830063	11288
2020-11-28	MI	\N	\N	6196289	378152
2020-11-28	MN	16423	3715	2170530	304023
2020-11-28	MO	\N	\N	1504793	292740
2020-11-28	MP	4	\N	16747	104
2020-11-28	MS	7294	\N	947272	149940
2020-11-28	MT	2569	\N	584548	60845
2020-11-28	NC	\N	\N	4886896	357958
2020-11-28	ND	2649	416	269446	77935
2020-11-28	NE	4216	\N	610414	124066
2020-11-28	NH	837	276	396156	20002
2020-11-28	NJ	41118	\N	5613309	330275
2020-11-28	NM	6631	\N	1442220	93982
2020-11-28	NV	\N	\N	823887	149229
2020-11-28	NY	89995	\N	18480766	634438
2020-11-28	OH	26262	4608	5622006	406703
2020-11-28	OK	12080	\N	1873468	193824
2020-11-28	OR	4343	\N	960644	72506
2020-11-28	PA	\N	\N	2804464	351667
2020-11-28	PR	\N	\N	305972	51581
2020-11-28	RI	4530	\N	468411	55017
2020-11-28	SC	11802	\N	2155322	214911
2020-11-28	SD	4400	\N	246277	79099
2020-11-28	TN	12005	\N	4106855	363466
2020-11-28	TX	\N	\N	9485780	1151069
2020-11-28	UT	8029	1470	1133006	192087
2020-11-28	VA	25542	\N	3087039	233617
2020-11-28	VI	\N	\N	26734	1538
2020-11-28	VT	\N	\N	217906	4033
2020-11-28	WA	10496	\N	2753107	158167
2020-11-28	WI	16882	1797	2138110	404999
2020-11-28	WV	\N	\N	1069170	45845
2020-11-28	WY	748	\N	138904	31929
2020-11-27	AK	691	\N	961219	29554
2020-11-27	AL	24451	2228	1365240	242874
2020-11-27	AR	8779	\N	1521090	153677
2020-11-27	AS	\N	\N	1988	0
2020-11-27	AZ	25296	\N	1894651	318638
2020-11-27	CA	\N	\N	22144594	1171324
2020-11-27	CO	13287	\N	1496454	220953
2020-11-27	CT	12257	\N	3042036	112581
2020-11-27	DC	\N	\N	651502	20937
2020-11-27	DE	\N	\N	381889	34170
2020-11-27	FL	55149	\N	6167085	963751
2020-11-27	GA	34605	6464	3842110	416303
2020-11-27	GU	\N	\N	76433	6768
2020-11-27	HI	1269	\N	295153	18006
2020-11-27	IA	\N	\N	862256	198222
2020-11-27	ID	3817	715	382383	96503
2020-11-27	IL	\N	\N	9584160	705063
2020-11-27	IN	24940	4538	1837573	324537
2020-11-27	KS	5018	1329	659403	153021
2020-11-27	KY	9907	2445	2386304	171755
2020-11-27	LA	\N	\N	3148141	230602
2020-11-27	MA	14139	\N	3089928	219252
2020-11-27	MD	20512	\N	2112687	192858
2020-11-27	ME	687	\N	830063	11265
2020-11-27	MI	\N	\N	6143956	369801
2020-11-27	MN	16043	3638	2131220	295001
2020-11-27	MO	\N	\N	1500877	290536
2020-11-27	MP	4	\N	16747	104
2020-11-27	MS	7294	\N	947272	148387
2020-11-27	MT	2526	\N	582718	59796
2020-11-27	NC	\N	\N	4838308	354514
2020-11-27	ND	2620	408	268839	77232
2020-11-27	NE	4192	\N	608689	122952
2020-11-27	NH	836	276	393977	19313
2020-11-27	NJ	40982	\N	5509434	326473
2020-11-27	NM	6542	\N	1429895	91852
2020-11-27	NV	\N	\N	819428	146317
2020-11-27	NY	89995	\N	18334474	628375
2020-11-27	OH	25960	4571	5519733	399808
2020-11-27	OK	11898	\N	1873468	187567
2020-11-27	OR	4343	\N	960604	70832
2020-11-27	PA	\N	\N	2786075	343614
2020-11-27	PR	\N	\N	305972	50678
2020-11-27	RI	4408	\N	466897	53954
2020-11-27	SC	11794	\N	2125917	213120
2020-11-27	SD	4353	\N	245204	78280
2020-11-27	TN	11974	\N	4069918	356716
2020-11-27	TX	\N	\N	9351514	1147045
2020-11-27	UT	7948	1458	1128311	190044
2020-11-27	VA	25451	\N	3064078	230444
2020-11-27	VI	\N	\N	26515	1521
2020-11-27	VT	\N	\N	217404	4005
2020-11-27	WA	10242	\N	2753107	153906
2020-11-27	WI	16715	1788	2133700	399526
2020-11-27	WV	\N	\N	1057008	45046
2020-11-27	WY	720	\N	138904	31773
2020-11-26	AK	688	\N	940681	28892
2020-11-26	AL	24401	2227	1361187	241957
2020-11-26	AR	8711	\N	1513202	152625
2020-11-26	AS	\N	\N	1988	0
2020-11-26	AZ	25163	\N	1873862	314326
2020-11-26	CA	\N	\N	21938056	1158689
2020-11-26	CO	13248	\N	1482962	216683
2020-11-26	CT	12257	\N	2973961	109152
2020-11-26	DC	\N	\N	642465	20736
2020-11-26	DE	\N	\N	378833	33579
2020-11-26	FL	54813	\N	6081679	946956
2020-11-26	GA	34587	6463	3812782	413909
2020-11-26	GU	\N	\N	76004	6748
2020-11-26	HI	1269	\N	295153	17881
2020-11-26	IA	\N	\N	860632	197086
2020-11-26	ID	3817	715	382383	96503
2020-11-26	IL	\N	\N	9514604	697489
2020-11-26	IN	24574	4493	1826833	318894
2020-11-26	KS	4921	1316	651388	147797
2020-11-26	KY	9756	2410	2342710	166139
2020-11-26	LA	\N	\N	3085067	225638
2020-11-26	MA	13817	\N	3060815	214594
2020-11-26	MD	20280	\N	2096687	190480
2020-11-26	ME	687	\N	830063	11265
2020-11-26	MI	\N	\N	6040130	352433
2020-11-26	MN	15766	3611	2113887	289303
2020-11-26	MO	\N	\N	1495454	287263
2020-11-26	MP	4	\N	16747	104
2020-11-26	MS	7294	\N	947272	147382
2020-11-26	MT	2534	\N	572245	59682
2020-11-26	NC	\N	\N	4738063	346506
2020-11-26	ND	2608	407	268312	76442
2020-11-26	NE	4182	\N	602934	120076
2020-11-26	NH	833	276	392271	18776
2020-11-26	NJ	40830	\N	5509434	322378
2020-11-26	NM	6494	\N	1415060	89796
2020-11-26	NV	\N	\N	814412	144781
2020-11-26	NY	89995	\N	18123208	620199
2020-11-26	OH	25486	4527	5474145	382743
2020-11-26	OK	11708	\N	1873468	184342
2020-11-26	OR	4262	\N	960657	70006
2020-11-26	PA	\N	\N	2765229	336254
2020-11-26	PR	\N	\N	305972	49226
2020-11-26	RI	4408	\N	465364	53491
2020-11-26	SC	11737	\N	2097258	210905
2020-11-26	SD	4243	\N	242212	76142
2020-11-26	TN	11950	\N	4039341	352376
2020-11-26	TX	\N	\N	9242578	1143616
2020-11-26	UT	7785	1440	1113971	183902
2020-11-26	VA	25350	\N	3032487	228900
2020-11-26	VI	\N	\N	26515	1521
2020-11-26	VT	\N	\N	214780	3827
2020-11-26	WA	10242	\N	2753107	153906
2020-11-26	WI	16658	1788	2125202	398104
2020-11-26	WV	\N	\N	1040919	44180
2020-11-26	WY	720	\N	131788	30761
2020-11-25	AK	663	\N	925937	28339
2020-11-25	AL	24376	2217	1353961	239318
2020-11-25	AR	8711	\N	1500257	150277
2020-11-25	AS	\N	\N	1988	0
2020-11-25	AZ	24952	\N	1855402	310850
2020-11-25	CA	\N	\N	21766302	1144049
2020-11-25	CO	13044	\N	1461092	210630
2020-11-25	CT	12257	\N	2973961	109152
2020-11-25	DC	\N	\N	629719	20516
2020-11-25	DE	\N	\N	375659	32995
2020-11-25	FL	54813	\N	6081679	946956
2020-11-25	GA	34413	6434	3784927	411002
2020-11-25	GU	\N	\N	76004	6705
2020-11-25	HI	1268	\N	295153	17764
2020-11-25	IA	\N	\N	856245	194395
2020-11-25	ID	3762	701	379312	94730
2020-11-25	IL	\N	\N	9419070	685467
2020-11-25	IN	24217	4421	1813874	312521
2020-11-25	KS	4921	1316	651388	147797
2020-11-25	KY	9756	2410	2342710	166139
2020-11-25	LA	\N	\N	3085067	225638
2020-11-25	MA	13817	\N	3060815	214594
2020-11-25	MD	20068	\N	2082499	188161
2020-11-25	ME	678	\N	830063	11027
2020-11-25	MI	\N	\N	6040130	352433
2020-11-25	MN	15766	3611	2113887	289303
2020-11-25	MO	\N	\N	1487513	282792
2020-11-25	MP	4	\N	16747	104
2020-11-25	MS	7294	\N	947272	145636
2020-11-25	MT	2474	\N	569286	58565
2020-11-25	NC	\N	\N	4738063	346506
2020-11-25	ND	2587	406	267359	75478
2020-11-25	NE	4126	\N	599086	117682
2020-11-25	NH	833	276	392271	18776
2020-11-25	NJ	40706	\N	5509434	317905
2020-11-25	NM	6381	\N	1399738	88102
2020-11-25	NV	\N	\N	808477	142239
2020-11-25	NY	89995	\N	17912420	613266
2020-11-25	OH	25486	4527	5474145	382743
2020-11-25	OK	11708	\N	1848563	184342
2020-11-25	OR	4262	\N	960469	68503
2020-11-25	PA	\N	\N	2743221	327829
2020-11-25	PR	\N	\N	305972	48725
2020-11-25	RI	4326	\N	462789	52317
2020-11-25	SC	11737	\N	2097258	210905
2020-11-25	SD	4243	\N	242212	76142
2020-11-25	TN	11814	\N	4006923	347972
2020-11-25	TX	\N	\N	9188862	1130980
2020-11-25	UT	7785	1440	1113971	183902
2020-11-25	VA	25174	\N	3011440	226300
2020-11-25	VI	\N	\N	26515	1521
2020-11-25	VT	\N	\N	214780	3827
2020-11-25	WA	10166	\N	2753107	151019
2020-11-25	WI	16457	1781	2116549	392438
2020-11-25	WV	\N	\N	1026293	43050
2020-11-25	WY	720	\N	131788	30761
2020-11-24	AK	631	\N	915732	27669
2020-11-24	AL	24160	2211	1347017	236865
2020-11-24	AR	8620	\N	1487077	148312
2020-11-24	AS	\N	\N	1988	0
2020-11-24	AZ	24666	\N	1842033	306868
2020-11-24	CA	\N	\N	21615664	1125699
2020-11-24	CO	12836	\N	1448160	206439
2020-11-24	CT	12257	\N	2944450	107280
2020-11-24	DC	\N	\N	628513	20409
2020-11-24	DE	\N	\N	373543	32664
2020-11-24	FL	54500	\N	6043595	938830
2020-11-24	GA	34268	6414	3765299	408644
2020-11-24	GU	\N	\N	74945	6655
2020-11-24	HI	1259	\N	295153	17656
2020-11-24	IA	\N	\N	853637	191152
2020-11-24	ID	3682	689	377698	93090
2020-11-24	IL	\N	\N	9316215	674089
2020-11-24	IN	23884	4371	1801206	306538
2020-11-24	KS	4777	1294	642229	142059
2020-11-24	KY	9623	2384	2335618	162838
2020-11-24	LA	\N	\N	3071981	224403
2020-11-24	MA	13817	\N	3034374	211199
2020-11-24	MD	19914	\N	2066560	185464
2020-11-24	ME	662	\N	822755	10799
2020-11-24	MI	\N	\N	5986631	347746
2020-11-24	MN	15444	3540	2087289	282916
2020-11-24	MO	\N	\N	1480542	278661
2020-11-24	MP	4	\N	16747	104
2020-11-24	MS	7294	\N	947272	144544
2020-11-24	MT	2420	\N	565292	57504
2020-11-24	NC	\N	\N	4686443	342294
2020-11-24	ND	2528	394	266632	74401
2020-11-24	NE	4049	\N	596050	115921
2020-11-24	NH	832	276	389286	18382
2020-11-24	NJ	40472	\N	5411716	313863
2020-11-24	NM	6309	\N	1391037	86247
2020-11-24	NV	\N	\N	804646	139080
2020-11-24	NY	89995	\N	17745600	607001
2020-11-24	OH	25069	4483	5432384	371908
2020-11-24	OK	11445	\N	1830399	180610
2020-11-24	OR	4176	\N	957249	67333
2020-11-24	PA	\N	\N	2723368	321070
2020-11-24	PR	\N	\N	305972	48548
2020-11-24	RI	4252	\N	464219	51424
2020-11-24	SC	11655	\N	2078262	209230
2020-11-24	SD	4193	\N	240935	74859
2020-11-24	TN	11717	\N	3994608	345854
2020-11-24	TX	\N	\N	9125032	1115371
2020-11-24	UT	7702	1422	1109001	182121
2020-11-24	VA	24994	\N	2986983	223582
2020-11-24	VI	\N	\N	26227	1507
2020-11-24	VT	\N	\N	212939	3762
2020-11-24	WA	10096	\N	2753107	147537
2020-11-24	WI	16209	1767	2104756	386441
2020-11-24	WV	\N	\N	1011552	42083
2020-11-24	WY	701	\N	131788	29959
\.


--
-- Data for Name: state; Type: TABLE DATA; Schema: public; Owner: postgres
--

COPY public.state (abbreviation, cases, negativeincrease, positiveincrease, deaths, tests) FROM stdin;
AK	121	4709	31323	507	1011396
AL	3578	2554	249524	2295	1584347
AR	2502	6663	157359	1112	1683457
AS	0	0	0	0	1988
AZ	6639	16630	326817	822	2253689
CA	19141	203636	1212968	14034	24025171
CO	2656	12038	232905	4133	3218851
CT	5020	102123	117295	4714	3261454
DC	680	4810	21552	104	695256
DE	772	1555	35654	403	740434
FL	18834	29041	983370	6426	12427765
GA	9452	9989	422133	1532	4314448
GU	112	1134	6852	34	84419
HI	244	0	18223	85	669762
IA	2403	1688	202410	1143	1070816
ID	920	1199	100484	824	473037
IL	12985	60790	726304	6190	10497998
IN	5723	9988	338977	5665	4259964
KS	1560	6035	157446	4425	822884
KY	1908	30517	179041	2116	2583120
LA	6420	844	232414	169	3403719
MA	10748	6491	226132	1168	8400584
MD	4641	10147	198370	1923	4429749
ME	194	33979	11757	249	875799
MI	9564	92105	388942	10790	6677336
MN	3593	11493	318763	5794	4156622
MO	3829	4828	299762	3829	3076377
MP	2	0	106	2	16853
MS	3807	35123	153270	1485	1135665
MT	681	5401	62198	397	656021
NC	5261	27062	364512	2734	5316284
ND	692	684	79252	594	1088089
NE	989	1372	126466	1143	1354171
NH	526	0	20480	0	810663
NJ	16993	135883	337304	3190	6086496
NM	1568	9442	97095	1678	1558291
NV	2144	2911	152169	1642	1638099
NY	26747	142155	647980	6819	19421498
OH	6429	38481	421063	6631	6128597
OK	1743	0	197745	2200	2071213
OR	912	0	75431	1311	1044117
PA	10383	9172	361464	4268	3189513
PR	1106	0	52545	843	358517
RI	1373	2075	56723	651	1550160
SC	4381	11518	217487	1358	2399463
SD	946	544	80464	564	328852
TN	4602	48010	374493	7975	4545436
TX	21379	47244	1168111	10838	10761759
UT	871	2913	195706	1897	1824046
VA	4062	15513	237835	1893	3326327
VI	23	0	1544	0	28327
VT	69	889	4172	72	552954
WA	2703	0	162700	2066	2894367
WI	3494	6206	411730	2676	4426030
WV	735	7880	47842	845	1137951
WY	215	2562	33305	816	419587
\.


--
-- Name: country country_pkey; Type: CONSTRAINT; Schema: public; Owner: carterliu
--

ALTER TABLE ONLY public.country
    ADD CONSTRAINT country_pkey PRIMARY KEY (name);


--
-- Name: daystats daystats_pkey; Type: CONSTRAINT; Schema: public; Owner: postgres
--

ALTER TABLE ONLY public.daystats
    ADD CONSTRAINT daystats_pkey PRIMARY KEY (date, abbreviation);


--
-- Name: state state_pkey; Type: CONSTRAINT; Schema: public; Owner: postgres
--

ALTER TABLE ONLY public.state
    ADD CONSTRAINT state_pkey PRIMARY KEY (abbreviation);


--
-- Name: daystats daystats_abbreviation_fkey; Type: FK CONSTRAINT; Schema: public; Owner: postgres
--

ALTER TABLE ONLY public.daystats
    ADD CONSTRAINT daystats_abbreviation_fkey FOREIGN KEY (abbreviation) REFERENCES public.state(abbreviation);


--
-- PostgreSQL database dump complete
--

